question,ground_truths
¿Qué es el cáncer?,El cáncer es una enfermedad en la que las células del cuerpo crecen de manera descontrolada y pueden invadir otros tejidos.
¿Cuáles son los síntomas del cáncer?,"Los síntomas varían pero pueden incluir pérdida de peso inexplicada, fiebre, fatiga, dolor y cambios en la piel."
¿Cuáles son los síntomas de la diabetes?,"Los síntomas incluyen sed excesiva, micción frecuente, hambre extrema, fatiga y visión borrosa."
¿Qué es la hipertensión?,La hipertensión es una condición en la que la presión arterial en las arterias es consistentemente demasiado alta.
¿Cuáles son los síntomas de la hipertensión?,"Muchas veces no hay síntomas, pero puede incluir dolores de cabeza, dificultad para respirar o sangrado nasal."
¿Cómo se puede prevenir el cáncer?,"La prevención incluye no fumar, mantener una dieta saludable, hacer ejercicio regularmente y someterse a exámenes médicos periódicos."
¿Cuáles son las diferencias entre el COVID-19 y la gripe?,"Ambas son infecciones respiratorias, pero COVID-19 es causado por el virus SARS-CoV-2 y puede tener síntomas más graves y afectar diferentes órganos."
¿Cómo puedo mejorar mi dieta?,"Incluye más frutas, verduras, proteínas magras, granos enteros y reduce el consumo de azúcares y grasas saturadas."
¿Qué es una dieta balanceada?,Una dieta balanceada incluye una variedad de alimentos en proporciones adecuadas para mantener una salud óptima.
¿Qué es la fibra dietética y por qué es importante?,La fibra es una parte de los alimentos vegetales que el cuerpo no puede digerir. Es importante para la digestión y la prevención de enfermedades.
¿Cuáles son los beneficios de una dieta rica en frutas y verduras?,"Las frutas y verduras son ricas en vitaminas, minerales y antioxidantes, y pueden reducir el riesgo de enfermedades crónicas."
¿Qué es la dieta mediterránea?,"Es un patrón de alimentación basado en los hábitos tradicionales de los países mediterráneos, que incluye mucho aceite de oliva, frutas, verduras, nueces y pescado."
¿Qué son los carbohidratos complejos?,"Los carbohidratos complejos son carbohidratos que se descomponen más lentamente en el cuerpo, proporcionando energía sostenida."
¿Qué es una dieta baja en carbohidratos?,"Es una dieta que restringe el consumo de carbohidratos, enfocándose más en proteínas y grasas."
¿Cuáles son los beneficios del ejercicio regular?,"Mejora la salud cardiovascular, fortalece los músculos, ayuda a mantener un peso saludable, mejora el estado de ánimo y aumenta la energía."
¿Qué son los ejercicios de flexibilidad?,Son ejercicios que mejoran la capacidad de los músculos y las articulaciones para moverse a través de su rango completo de movimiento.
¿Qué es la salud mental?,"La salud mental se refiere al bienestar emocional, psicológico y social. Afecta cómo pensamos, sentimos y actuamos."
¿Cuáles son los síntomas de un ataque de pánico?,"Los síntomas incluyen palpitaciones, sudoración, temblores, sensación de falta de aire y miedo intenso."
¿Cómo puedo manejar el estrés?,"Técnicas de manejo del estrés incluyen ejercicio regular, meditación, respiración profunda, y mantener una dieta saludable."
¿Qué es la meditación?,"La meditación es una práctica en la que se utiliza una técnica, como la concentración o la atención plena, para entrenar la mente y lograr un estado de calma y claridad."
¿Qué es el insomnio?,"El insomnio es un trastorno del sueño que dificulta conciliar el sueño o permanecer dormido, afectando la calidad del sueño."
¿Cómo puedo mejorar mi salud mental?,"Mantén una red de apoyo, practica la gratitud, haz ejercicio regularmente, duerme lo suficiente y busca ayuda profesional si es necesario."
¿Qué son las enfermedades crónicas?,"Son enfermedades de larga duración y progresión lenta, como la diabetes, la hipertensión y las enfermedades cardíacas."
¿Cómo puedo prevenir las enfermedades cardíacas?,"Mantén una dieta saludable, haz ejercicio regularmente, no fumes y controla tu presión arterial y colesterol."
¿Cuáles son los factores de riesgo para la diabetes tipo 2?,"Incluyen la obesidad, la falta de actividad física, una dieta poco saludable, la edad avanzada y antecedentes familiares de diabetes."
¿Qué es la osteoporosis?,"La osteoporosis es una enfermedad en la que los huesos se debilitan y se vuelven frágiles, aumentando el riesgo de fracturas."
¿Cómo puedo prevenir la osteoporosis?,"Asegúrate de obtener suficiente calcio y vitamina D, haz ejercicio regularmente y evita fumar y el consumo excesivo de alcohol."
¿Cuáles son los factores de riesgo para el cáncer de piel?,"Incluyen la exposición excesiva al sol, el uso de camas de bronceado, tener piel clara, y antecedentes familiares de cáncer de piel."
¿Qué vacunas necesitan los niños?,"Los niños necesitan vacunas contra enfermedades como el sarampión, las paperas, la rubéola, la varicela, la difteria, el tétanos, la tos ferina, y la poliomielitis."
¿Cómo puedo asegurarme de que mi hijo tenga una dieta saludable?,"Ofrece una variedad de alimentos, incluyendo frutas, verduras, granos enteros y proteínas magras, y limita los azúcares y las grasas saturadas."
¿Cómo puedo prevenir las caries en los niños?,"Asegúrate de que se cepillen los dientes dos veces al día, limiten los alimentos azucarados y visiten al dentista regularmente."
¿Qué es la vacunación infantil?,Es la administración de vacunas a los niños para protegerlos de enfermedades infecciosas graves.
¿Cuáles son los métodos anticonceptivos más efectivos?,"Los métodos más efectivos incluyen los implantes hormonales, los DIU, y la esterilización."
¿Cómo puedo mantenerme saludable a medida que envejezco?,"Mantén una dieta equilibrada, haz ejercicio regularmente, duerme bien y mantén actividades sociales y mentales."
¿Qué es la artritis?,"Es una inflamación de las articulaciones que causa dolor y rigidez. Hay diferentes tipos, como la osteoartritis y la artritis reumatoide."
¿Qué es la demencia?,"Es un término general para la pérdida de memoria, el lenguaje, la resolución de problemas y otras habilidades cognitivas lo suficientemente graves como para interferir con la vida diaria."
¿Qué es la osteoporosis?,"Es una enfermedad que debilita los huesos, haciéndolos frágiles y más propensos a romperse."
¿Cómo puedo prevenir la osteoporosis?,"Consumiendo suficiente calcio y vitamina D, haciendo ejercicio regularmente y evitando el tabaco y el alcohol en exceso."
¿Qué es la hipertensión?,Es una condición en la que la presión de la sangre contra las paredes de las arterias es demasiado alta.
¿Cuáles son los síntomas del glaucoma?,"Pueden incluir pérdida de visión periférica, dolor ocular, enrojecimiento del ojo y visión borrosa."
¿Qué debo hacer en caso de una fractura?,"Inmoviliza la zona afectada, aplica hielo para reducir la hinchazón y busca atención médica inmediatamente."
¿Qué debo hacer si alguien tiene un ataque cardíaco?,"Llama a emergencias, haz que la persona se siente y se relaje, y administra RCP si deja de respirar."
¿Cómo puedo prevenir accidentes en el hogar?,"Mantén los pisos libres de obstáculos, instala detectores de humo, usa alfombras antideslizantes y guarda los productos químicos y medicamentos fuera del alcance de los niños."
¿Qué es la contaminación del aire?,Es la presencia de sustancias nocivas en el aire que pueden afectar la salud humana y el medio ambiente.
¿Cómo afecta la contaminación del aire a la salud?,"Puede causar problemas respiratorios, enfermedades cardíacas y aumentar el riesgo de cáncer."
¿Qué es el cambio climático?,"Es un cambio a largo plazo en los patrones de temperatura y clima de la Tierra, causado en gran parte por las actividades humanas."
¿Qué son los pesticidas y cómo pueden afectar la salud?,"Son sustancias químicas utilizadas para matar plagas, y su exposición puede causar problemas de salud como intoxicación y enfermedades crónicas."
¿Qué es el agua potable segura?,Es el agua que es segura para beber y utilizar sin riesgo de enfermedades transmitidas por el agua.
¿Qué es la contaminación del agua?,Es la presencia de sustancias nocivas en el agua que pueden afectar la salud humana y el ecosistema.
¿Cómo puedo contribuir a un ambiente más saludable?,"Reduce, reutiliza y recicla, usa productos ecológicos, ahorra energía y agua, y apoya políticas ambientales."
